record_id,source_id,source_type,query_family,doi,title,year,journal,chunk_id,section,table,parent_name,parent_synonyms,parent_class,product_name,product_synonyms,product_class,reaction_type,reaction_description,setting_type,environment_matrix,environment_type,redox_condition,microbial_condition,duration,identification_confidence,evidence_tier,requires_manual_confirmation,main_database_use,review_status,review_confidence,evidence_quote
clean_seed_stage2_001,clean_source_estlett_2018_fttaos_sulfate_reducing_microcosm,primary_study,C,10.1021/acs.estlett.8b00148,Biotransformation of AFFF Component 6:2 Fluorotelomer Thioether Amido Sulfonate Generates 6:2 Fluorotelomer Thioether Carboxylate under Sulfate-Reducing Conditions,2018,Environmental Science & Technology Letters,stage2chunk_51fe433c893c3e24,html_text,Table 1,6:2 fluorotelomer thioether amido sulfonate,"[""6:2 FtTAoS"", ""Lodyne component""]",PFAS precursor; fluorotelomer thioether amido sulfonate,6:2 fluorotelomer thioether propionate,"[""6:2 FtTP""]",polyfluoroalkyl transformation product; fluorotelomer thioether carboxylate,microbial biotransformation of fluorotelomer thioether precursor,6:2 FtTAoS was transformed primarily to 6:2 FtTP.,soil_microcosm_from_field_sample,pristine or AFFF-impacted environmental solids used as microbial inocula,environmental solids microcosm,sulfate-reducing; anaerobic,live microcosms inoculated with pristine or AFFF-impacted solids; autoclaved controls used,incubation experiment; separate FtTP-amended microcosms observed over 150 days,level 1; confirmed by standard reference,confirmed_product,False,core_evidence,validated_high_confidence,0.94,"These analyses demonstrated that 6:2 FtTAoS was transformed primarily to a stable polyfluoroalkyl compound, 6:2 fluorotelomer thioether propionate (6:2 FtTP)."
clean_seed_stage2_002,clean_source_estlett_2018_fttaos_sulfate_reducing_microcosm,primary_study,C,10.1021/acs.estlett.8b00148,Biotransformation of AFFF Component 6:2 Fluorotelomer Thioether Amido Sulfonate Generates 6:2 Fluorotelomer Thioether Carboxylate under Sulfate-Reducing Conditions,2018,Environmental Science & Technology Letters,stage2chunk_03e15b585d33db44,html_text,Table 1,6:2 fluorotelomer thioether amido sulfonate,"[""6:2 FtTAoS"", ""Lodyne component""]",PFAS precursor; fluorotelomer thioether amido sulfonate,6:2 fluorotelomer thioether propanoyl alaninate,"[""6:2 FtTPlA"", ""m/z 522""]",tentative polyfluoroalkyl biotransformation product,microbial biotransformation of fluorotelomer thioether precursor,Suspect-screening evidence suggests formation of 6:2 FtTPlA from 6:2 FtTAoS in live microcosms.,soil_microcosm_from_field_sample,pristine or AFFF-impacted environmental solids used as microbial inocula,environmental solids microcosm,sulfate-reducing; anaerobic,live microcosms inoculated with pristine or AFFF-impacted solids; autoclaved controls used,incubation experiment; separate FtTP-amended microcosms observed over 150 days,level 3 tentative identification,tentative_product,True,tentative_evidence,validated_medium_confidence,0.74,Suspect screening suggested that the ion at m / z 522 was 6:2 fluorotelomer thioether propanoyl alaninate (6:2 FtTPlA).
clean_seed_stage2_003,clean_source_estlett_2018_fttaos_sulfate_reducing_microcosm,primary_study,C,10.1021/acs.estlett.8b00148,Biotransformation of AFFF Component 6:2 Fluorotelomer Thioether Amido Sulfonate Generates 6:2 Fluorotelomer Thioether Carboxylate under Sulfate-Reducing Conditions,2018,Environmental Science & Technology Letters,stage2chunk_03e15b585d33db44,html_text,Table 1,6:2 fluorotelomer thioether amido sulfonate,"[""6:2 FtTAoS"", ""Lodyne component""]",PFAS precursor; fluorotelomer thioether amido sulfonate,6:2 fluorotelomer thioether propanoyl oxy propanoate,"[""6:2 FtTPoP"", ""m/z 523""]",tentative polyfluoroalkyl biotransformation product with carboxylate group,microbial biotransformation of fluorotelomer thioether precursor,Nontargeted evidence implies formation of 6:2 FtTPoP in 6:2 FtTAoS live microcosms.,soil_microcosm_from_field_sample,pristine or AFFF-impacted environmental solids used as microbial inocula,environmental solids microcosm,sulfate-reducing; anaerobic,live microcosms inoculated with pristine or AFFF-impacted solids; autoclaved controls used,incubation experiment; separate FtTP-amended microcosms observed over 150 days,level 3 tentative identification,tentative_product,True,tentative_evidence,validated_medium_confidence,0.72,"The nontargeted analysis implied that the ions at m / z 523 and 593 were fluorotelomer thioether propanoyl oxy propanoate (6:2 FtTPoP) and 6:2 fluorotelomer thioether propanoylalanylalaninate (6:2 FtTPlAA), respectively."
clean_seed_stage2_004,clean_source_estlett_2018_fttaos_sulfate_reducing_microcosm,primary_study,C,10.1021/acs.estlett.8b00148,Biotransformation of AFFF Component 6:2 Fluorotelomer Thioether Amido Sulfonate Generates 6:2 Fluorotelomer Thioether Carboxylate under Sulfate-Reducing Conditions,2018,Environmental Science & Technology Letters,stage2chunk_f1465a98c26fa66f,html_text,Table 1,6:2 fluorotelomer thioether amido sulfonate,"[""6:2 FtTAoS"", ""Lodyne component""]",PFAS precursor; fluorotelomer thioether amido sulfonate,6:2 fluorotelomer thioether propanoylalanylalaninate,"[""6:2 FtTPlAA"", ""m/z 593""]",tentative polyfluoroalkyl biotransformation product,microbial biotransformation of fluorotelomer thioether precursor,6:2 FtTPlAA increased in live environmental-solid microcosms during 6:2 FtTAoS incubation.,soil_microcosm_from_field_sample,pristine or AFFF-impacted environmental solids used as microbial inocula,environmental solids microcosm,sulfate-reducing; anaerobic,live microcosms inoculated with pristine or AFFF-impacted solids; autoclaved controls used,incubation experiment; separate FtTP-amended microcosms observed over 150 days,level 3 tentative identification,tentative_product,True,tentative_evidence,validated_medium_confidence,0.77,"Although an increase in the level of 6:2 FtTPlAA (m/z 593) at the end of the incubation was observed in both sets of live microcosms, increases of m/z 522 and 523 were detected only in pristine and contaminated microcosms, respectively."
clean_stage2_2_001,clean_stage2_2_acs_est_2022_ftsa_soil,primary_study,F2,10.1021/acs.est.2c01867,"Fate and Transformation of 6:2 Fluorotelomer Sulfonic Acid Affected by Plant, Nutrient, Bioaugmentation, and Soil Microbiome Interactions",2022,Environmental Science & Technology,pmc10134682_results_6_2_ftsa_soil,results_or_abstract,,6:2 fluorotelomer sulfonic acid,"[""6:2 FTSA"", ""6:2 FtS""]",fluorotelomer sulfonate PFAS precursor,6:2 fluorotelomer unsaturated carboxylic acid,"[""6:2 FTUCA""]",PFAS transformation product,microbial/plant-soil biotransformation of fluorotelomer sulfonate,6:2 FTSA biotransformed to 6:2 fluorotelomer unsaturated carboxylic acid in sulfur-limited sandy soil.,soil_microcosm_from_field_sample,sandy soil and rhizosphere sandy soil,plant-soil environmental microcosm,aerobic,soil microbiome; Rhodococcus jostii RHA1 bioaugmentation in some treatments,25 days incubation,stable transformation product detected in sulfur-limited sandy soil,probable_product,False,probable_evidence,validated_medium_confidence,0.86,"Four stable transformation products were detected. These metabolites were 6:2 fluorotelomer unsaturated carboxylic acid (6:2 FTUCA), perfluoropentanoic acid (PFPeA), perfluorohexanoic acid (PFHxA), and perfluoroheptanoic acid (PFHpA), which accounted for 0.5, 0.3, 0.2, and 0.1% of the initial applied 6:2 FTSA, respectively."
clean_stage2_2_002,clean_stage2_2_acs_est_2022_ftsa_soil,primary_study,F2,10.1021/acs.est.2c01867,"Fate and Transformation of 6:2 Fluorotelomer Sulfonic Acid Affected by Plant, Nutrient, Bioaugmentation, and Soil Microbiome Interactions",2022,Environmental Science & Technology,pmc10134682_results_6_2_ftsa_soil,results_or_abstract,,6:2 fluorotelomer sulfonic acid,"[""6:2 FTSA"", ""6:2 FtS""]",fluorotelomer sulfonate PFAS precursor,perfluoropentanoic acid,"[""PFPeA"", ""PFPeA""]",PFAS transformation product,microbial/plant-soil biotransformation of fluorotelomer sulfonate,6:2 FTSA biotransformed to perfluoropentanoic acid in sulfur-limited sandy soil.,soil_microcosm_from_field_sample,sandy soil and rhizosphere sandy soil,plant-soil environmental microcosm,aerobic,soil microbiome; Rhodococcus jostii RHA1 bioaugmentation in some treatments,25 days incubation,stable transformation product detected in sulfur-limited sandy soil,probable_product,False,probable_evidence,validated_medium_confidence,0.86,"Four stable transformation products were detected. These metabolites were 6:2 fluorotelomer unsaturated carboxylic acid (6:2 FTUCA), perfluoropentanoic acid (PFPeA), perfluorohexanoic acid (PFHxA), and perfluoroheptanoic acid (PFHpA), which accounted for 0.5, 0.3, 0.2, and 0.1% of the initial applied 6:2 FTSA, respectively."
clean_stage2_2_003,clean_stage2_2_acs_est_2022_ftsa_soil,primary_study,F2,10.1021/acs.est.2c01867,"Fate and Transformation of 6:2 Fluorotelomer Sulfonic Acid Affected by Plant, Nutrient, Bioaugmentation, and Soil Microbiome Interactions",2022,Environmental Science & Technology,pmc10134682_results_6_2_ftsa_soil,results_or_abstract,,6:2 fluorotelomer sulfonic acid,"[""6:2 FTSA"", ""6:2 FtS""]",fluorotelomer sulfonate PFAS precursor,perfluorohexanoic acid,"[""PFHxA""]",PFAS transformation product,microbial/plant-soil biotransformation of fluorotelomer sulfonate,6:2 FTSA biotransformed to perfluorohexanoic acid in sulfur-limited sandy soil.,soil_microcosm_from_field_sample,sandy soil and rhizosphere sandy soil,plant-soil environmental microcosm,aerobic,soil microbiome; Rhodococcus jostii RHA1 bioaugmentation in some treatments,25 days incubation,stable transformation product detected in sulfur-limited sandy soil,probable_product,False,probable_evidence,validated_medium_confidence,0.86,"Four stable transformation products were detected. These metabolites were 6:2 fluorotelomer unsaturated carboxylic acid (6:2 FTUCA), perfluoropentanoic acid (PFPeA), perfluorohexanoic acid (PFHxA), and perfluoroheptanoic acid (PFHpA), which accounted for 0.5, 0.3, 0.2, and 0.1% of the initial applied 6:2 FTSA, respectively."
clean_stage2_2_004,clean_stage2_2_acs_est_2022_ftsa_soil,primary_study,F2,10.1021/acs.est.2c01867,"Fate and Transformation of 6:2 Fluorotelomer Sulfonic Acid Affected by Plant, Nutrient, Bioaugmentation, and Soil Microbiome Interactions",2022,Environmental Science & Technology,pmc10134682_results_6_2_ftsa_soil,results_or_abstract,,6:2 fluorotelomer sulfonic acid,"[""6:2 FTSA"", ""6:2 FtS""]",fluorotelomer sulfonate PFAS precursor,perfluoroheptanoic acid,"[""PFHpA""]",PFAS transformation product,microbial/plant-soil biotransformation of fluorotelomer sulfonate,6:2 FTSA biotransformed to perfluoroheptanoic acid in sulfur-limited sandy soil.,soil_microcosm_from_field_sample,sandy soil and rhizosphere sandy soil,plant-soil environmental microcosm,aerobic,soil microbiome; Rhodococcus jostii RHA1 bioaugmentation in some treatments,25 days incubation,stable transformation product detected in sulfur-limited sandy soil,probable_product,False,probable_evidence,validated_medium_confidence,0.86,"Four stable transformation products were detected. These metabolites were 6:2 fluorotelomer unsaturated carboxylic acid (6:2 FTUCA), perfluoropentanoic acid (PFPeA), perfluorohexanoic acid (PFHxA), and perfluoroheptanoic acid (PFHpA), which accounted for 0.5, 0.3, 0.2, and 0.1% of the initial applied 6:2 FTSA, respectively."
clean_stage2_2_005,clean_stage2_2_acs_est_2024_soil_microbiomes_ft,primary_study,F2,10.1021/acs.est.4c06471,"Nexus of Soil Microbiomes, Genes, Classes of Carbon Substrates, and Biotransformation of Fluorotelomer-Based Precursors",2024,Environmental Science & Technology,pmc11580179_abstract_soil_microbiome,results_or_abstract,,6:2 fluorotelomer sulfonate,"[""6:2 FtS"", ""6:2 FTSA""]",fluorotelomer sulfonate PFAS precursor,5:3 fluorotelomer carboxylic acid,"[""5:3 FtCA"", ""5:3 FTCA""]",fluorotelomer carboxylic acid transformation product,soil microbiome biotransformation of fluorotelomer sulfonate,Soil microbiome enrichment grew on 6:2 FtS and accumulated 5:3 fluorotelomer carboxylic acid.,soil_microcosm_from_field_sample,soil microbiome enrichment cultures,soil-derived environmental microbiome enrichment,aerobic,soil microbiomes enriched on carbon sources including cocamidopropyl betaine,,probable product from open full text abstract and figure caption,probable_product,True,probable_evidence,validated_medium_confidence,0.78,"All the enrichments defluorinated fluorotelomer alcohols (n:2 FtOH; n = 4, 6, 8) effectively and grew on 6:2 fluorotelomer sulfonate (6:2 FtS) as a sulfur source. The CPB-enriched culture accumulated more 5:3 fluorotelomer carboxylic acid, suggesting unique roles of Variovorax and Pseudomonas."
